[{"id": 1219039456623857795, "name": "Not This Again...", "embed": {"footer": {"text": "L0WK3Y (BOT TESTING)", "icon_url": "https://cdn.discordapp.com/guilds/1174628900001824779/users/404141696322895872/avatars/a_f263446f816d8818a30bbee86eaff07e.gif?size=1024"}, "image": {"url": "https://i.imgur.com/RwJiPsy.gif"}, "author": {"name": "Not This Again..."}, "fields": [{"inline": true, "name": "```Difficulty```", "value": "\ud83d\udfe1 Medium"}, {"inline": true, "name": "```Completion Reward```", "value": "\u2728 100pts"}], "type": "rich", "description": "```I recieved some work docs from a co-worker and... Oh God... Not this again!```", "url": "https://github.com/L0WK3Y-IAAN/CTF-FIles/raw/main/unknown.zip", "title": "Download"}, "file_path": null}, {"id": 1219042281454043266, "name": "Not This Again...", "embed": {"footer": {"text": "L0WK3Y (BOT TESTING)", "icon_url": "https://cdn.discordapp.com/guilds/1174628900001824779/users/404141696322895872/avatars/a_f263446f816d8818a30bbee86eaff07e.gif?size=1024"}, "image": {"url": "https://i.imgur.com/RwJiPsy.gif"}, "author": {"name": "Not This Again..."}, "fields": [{"inline": true, "name": "Difficulty", "value": "```\ud83d\udd34 Hard```"}, {"inline": true, "name": "Completion Reward", "value": "```\u2728 200```"}], "type": "rich", "description": "```I recieved some work docs from a co-worker and... Oh God... Not this again!\nPassword: infected```", "url": "https://github.com/L0WK3Y-IAAN/CTF-FIles/raw/main/unknown.zip", "title": "Download"}, "file_path": null}, {"id": 1219049927909572628, "name": "Not This Again...", "embed": {"footer": {"text": "L0WK3Y (BOT TESTING)", "icon_url": "https://cdn.discordapp.com/guilds/1174628900001824779/users/404141696322895872/avatars/a_f263446f816d8818a30bbee86eaff07e.gif?size=1024"}, "image": {"url": "https://i.imgur.com/RwJiPsy.gif"}, "author": {"name": "Not This Again..."}, "fields": [{"inline": true, "name": "Difficulty", "value": "```\ud83d\udd34 Hard```"}, {"inline": true, "name": "Completion Reward", "value": "```\u2728 200```"}, {"inline": true, "name": "Flag Submission", "value": "```\u26a0\ufe0fBE SURE TO @ THE BOT FOLLOWING YOUR FLAG SUBMISSION. Ex: @PhreakBot CTFEllipsis```"}], "type": "rich", "description": "```I recieved some work docs from a co-worker and... Oh God... Not this again!\nPassword: infected```", "url": "https://github.com/L0WK3Y-IAAN/CTF-FIles/raw/main/unknown.zip", "title": "Download"}, "file_path": null}, {"id": 1219050459072041122, "name": "Not This Again...", "embed": {"footer": {"text": "L0WK3Y (BOT TESTING)", "icon_url": "https://cdn.discordapp.com/guilds/1174628900001824779/users/404141696322895872/avatars/a_f263446f816d8818a30bbee86eaff07e.gif?size=1024"}, "image": {"url": "https://i.imgur.com/RwJiPsy.gif"}, "author": {"name": "Not This Again..."}, "fields": [{"inline": true, "name": "Difficulty", "value": "```\ud83d\udd34 Hard```"}, {"inline": true, "name": "Completion Reward", "value": "```\u2728 200```"}, {"inline": true, "name": "Flag Submission", "value": "```\u26a0\ufe0fBE SURE TO @ THE BOT FOLLOWING YOUR FLAG SUBMISSION. Ex: @PhreakBot CTFINSET_FLAG_HERE```"}], "type": "rich", "description": "```I recieved some work docs from a co-worker and... Oh God... Not this again!\nPassword: infected```", "url": "https://github.com/L0WK3Y-IAAN/CTF-FIles/raw/main/unknown.zip", "title": "Download"}, "file_path": null}, {"id": 1219050571806281902, "name": "Not This Again...", "embed": {"footer": {"text": "L0WK3Y (BOT TESTING)", "icon_url": "https://cdn.discordapp.com/guilds/1174628900001824779/users/404141696322895872/avatars/a_f263446f816d8818a30bbee86eaff07e.gif?size=1024"}, "image": {"url": "https://i.imgur.com/RwJiPsy.gif"}, "author": {"name": "Not This Again..."}, "fields": [{"inline": true, "name": "Difficulty", "value": "```\ud83d\udd34 Hard```"}, {"inline": true, "name": "Completion Reward", "value": "```\u2728 200```"}, {"inline": true, "name": "Flag Submission", "value": "```\u26a0\ufe0fBE SURE TO @ THE BOT FOLLOWING YOUR FLAG SUBMISSION. Ex: @PhreakBot CTF{INSET_FLAG_HERE}```"}], "type": "rich", "description": "```I recieved some work docs from a co-worker and... Oh God... Not this again!\nPassword: infected```", "url": "https://github.com/L0WK3Y-IAAN/CTF-FIles/raw/main/unknown.zip", "title": "Download"}, "file_path": null}]